,title,hits
422,"한국으로 돌아온 축구의 신 ""호나우두"" | Ronaldo O fenômeno | R9 | 신규아이콘 | 피파온라인4 | 피파4",16798086
402,"박지성이 월클이 맞냐 묻거든, 고개를 들어 이 영상을 보게 하라 (ft.박지성 인생경기)",9063000
477,Top 10 전세계가 호나우지뉴를 찬양하게 한 순간들,7446082
23,50초 만에 천하의 드록바 힘 빠지게 하는 #박지성,5979040
507,호돈신 호나우두 스페셜 ● 신의 재능을 견디지 못한 인간의 몸...,5155386
309,축구 괴물 홀란드의 그냥 어이없는 슛 궤적 #Shorts,4756903
256,프리미어리그 잔디 클래스,4191215
298,"APOSENTADOS DROGBA,HENRY E GERRARD MANTÉM A MAGIA DERAM AULA NESSE AMISTOSO DAS LENDAS NA INGLATERRA",4024892
352,한국에 온 램파드와 VS놀이를 해보았닼ㅋㅋㅋㅋ 램제스 질문에 동공지진..? l 슛포러브 Shoot for Love,3898513
293,박지성이 느끼게 해준 그날의 함성 (11UCL 맨유vs첼시 챔피언스리그 8강),3898300
331,"""공은 멘디 앞에서 멈춘다""｜에두아르 멘디 21-22 시즌 PL 활약상.zip",3607490
25,"신의 귀환, D.드록바",3442124
99,첼램덩크: 가장 극적이였던 첼시의 챔스 우승,3340638
238,길거리 인터뷰에서 리버풀 전설을 마주쳤을 때 #shorts,3283723
18,축신이라 불리는 사나이의 마지막 / 2022 FIFA 카타르월드컵 결승전 아르헨티나 vs 프랑스 [습츠_월드컵 클래식],3200425
326,Didier Drogba moment impossible to forget..,2748113
446,"호나우지뉴 vs 음바페..? 대혼돈의 축구 멀티버스를 만든 역대급 나이키 월드컵 광고 (feat. 호나우지뉴, 음바페, 반 다이크, 날강두, 호나우두, 데브라위너)",2353829
35,축구... 좋아하세요...? (첼램덩크 : 첼시 영광의 시대),2308029
359,음바페 인성,2168787
324,그 시절 첼시 씹고 뜯고 맛보고 즐기던 박지성 ｜박지성 인생경기 댓글모음 📁,2126219
411,[티비플]클라스 개쩌는 나이키 광고(소름주의ㄷㄷ),2059940
28,드록바와 음바페의 10년이 걸린 약속!,2022442
398,눈 앞에서 보는 묵직한 루카쿠 ㄷㄷ,2020931
468,Didier Drogba💨👑,1902155
395,Crazy knuckleball goal! (Wait for the replay),1866092
551,이과가 농구하는 법,1643562
519,Drogba: It's a f*cking disgrace!,1559669
299,카카 심한 반칙 ㄷㄷ,1545061
3,드록바가 축구팬들을 놀라게 했던 순간들,1536095
26,드록바가 첼시의 전설적인 공격수로 등극한 이유,1371911
57,첼시팬들이 개빡친 레전드경기,1271272
166,신께서 입장하시니 승부가 뒤집혔도다 / 2014 FIFA 브라질월드컵 C조 1차전 코트디부아르 vs 일본 [습츠_월드컵 클래식],1262118
426,"음바페, 당신이 몰랐던 11가지 사실",1235706
16,당신이 봐야할 전설적인 7번 크리스티아누 호날두 이야기,1195846
483,카카가 축구팬들을 놀라게 했던 순간들,1108780
421,게리 네빌이 퍼거슨 경에 묻다. (ft. 박지성이 메시와 상대했어야 했다) / 번역translation,1105630
516,Drogba는 가장 믿을 수 없는 경력을 쌓았습니다(MUST WATCH),901771
179,'드디어 올린 빅이어' 11-12시즌 챔스 우승을 차지한 첼시,864082
72,아무도 안 쓰는 드록바 쓰는 이유 ㅋㅋ #피파4 #shorts,857326
356,9년 만에 챔피언스리그 트로피를 들어올리는 첼시 #Shorts,842323
591,유봉훈 노래 폼 미쳤다 ㄷㄷ,795385
378,Didier Drogba - 5 Greatest Chelsea Goals | Best Goals Compilation | Chelsea FC,786788
456,WAS DROGBA BETTER THAN HENRY?,781502
19,믿습니다 드멘! 일본의 '전설의 1군'을 박살내는 '드록신' 드록바 | 2014 브라질 월드컵 C조 예선 코트디부아르vs일본 하이라이트,743432
502,7대0 맨유팬 현 상황 #shorts #쇼츠,740126
47,드록바의 주작 #Shorts,706315
515,Drogba 🔥🥶,704588
272,프랭크 램파드 풀스토리 스페셜 ( 첼시의 영원한 주장 ),694791
24,첼시에서 첼시를 만든 사나이,675998
430,한준희 해설이 뽑은 레전드 스트라이커 37인 티어!! 수-벤-레 티어는 과연?!,668292
124,"감스트 드록바,지단,가린샤 떴다!! 진심 개사기 진짜 엄청좋네요 미쳤습니다!! 피파4",636722
381,Didier Drogba Angry After Chelsea Lose In The Champions League,634552
100,'챔피언스리그 최악의 경기' 08-09 첼시 vs 바르셀로나 : 해축사건파일,629029
459,☠예능매치☠ ‘혼돈의 카오스’ 8골이나 터진 우여곡절 챔스 레전드 매치 19-20 첼시 vs 아약스ㅣ킹비티비×SPOTV,625252
509,"RANK the PLAYERS: Haaland, Drogba, Suárez ⬆️ (CHALLENGE) #Shorts",599967
115,드록바를 50초 만에 멘붕시킨 박지성 #shorts,585745
175,신청자분꺼 레전드 썼네요;; LH드록바 금카 뛰어나왔습니다 실화야? 피파4,573646
156,""" 한 시즌에 73골 28도움"" #shorts",568956
393,☠예능매치☠ ‘모든 건 무버지의 뜻대로’ 무리뉴가 그렇다면 그런거다! 13/14 챔스 8강 2차전 첼시 vs PSGㅣ킹비티비 × 스포티비,566451
462,디디에 드록바의 골든 부츠 우승 시즌 | 총 20개 목표 | 프리미어 리그 2006/07,553186
283,붙으면 1000억 드록바 인생강화 ㅋㅋㅋㅋㅋㅋㅋ,509893
345,Didier Drogba Header Chelsea vs Bayern Munich Champions league final 2011/2012,504038
226,피파3 BJ두치와뿌꾸 레전드영상 10u드로그바 10카 2000억 드맨의 탄생!,486768
434,10조 첼시 스쿼드 짭니다 공경씹어먹을팀 등장!,479988
93,☠예능매치☠ ‘13년째 무관’ 토트넘이 마지막 우승 트로피를 들었던 시즌은 어땠을까?’ 07/08 PL 27R 토트넘 홋스퍼 vs 첼시ㅣ킹비티비 × 스포티비,479170
59,드록바 재림한 첼시의 새 공격수… '1골 2도움' 미친 활약 보이다 #SPOTIME,457504
80,김밥천국 메뉴만큼 다양한 슈팅기술 쓰는 디디에 드로그바,456862
9,"☠예능매치☠ '아자르, 반페르시, 드록바, 야누자이 등등' 그 시절 주말예능을 빛낸 주역들의 불꽃 튀는 승부 PL 맨유 vs 첼시ㅣ쵱내 × 스포티비",454897
389,10 다음 중 최고의 명작 세레머니를 고르세요.,439332
486,"""급여 230대비"" 첼시 금액별 스쿼드 이렇게 맞추세요! 피파4",409336
322,서버 한장 아이콘 즐라탄을 먼저 써봤습니다 [23' 뿌드컵 팀리뷰 3부],404144
0,드록바 풀스토리 스페셜 ( 축구의 신),371945
217,"서버최초 ""아이콘 드록바"" 은카 강화 성공!! 3000억의 기적! 영상 공개합니다! 피파4",362503
488,피온4 미래를 보는 축구선수 | EBS 인자기 8카 리뷰,358545
110,7부 리그에서 '1부까지' 올라온 축구 선수?,355669
518,디디에 드록바는 얼마나 좋았습니까?,354285
364,이제는 급여 240 금액별 첼시 스쿼드 이렇게 맞추세요!,350310
444,Dider Drogba 2010/2011 - Unstoppable [HD 720p],347072
408,무드릭 폼 미쳤다 #60초 데뷔 하이라이트🔥,339339
598,훈수 두는 시청자분들 스쿼드 얼마나 잘 짜는지 봅시다,338334
318,"사도 되는 즐라탄, 드로그바 VS 사면 안되는 즐라탄, 드로그바 피파4",333229
37,피온4 드디어 영접!! 이거는 진짜 와…,332743
77,[WPT외전] 최강 고인물 첼시팬!! 첼지현이 좋아하는 첼시 인물 32강,325767
594,이상호의 억지성 7카 숨 못쉴 때까지 패버리기,306742
495,첼 조콜 금카로 끝판왕 첼시 올금카를 맞춘다면? 11조 스쿼드 메이킹! 피파4,295317
491,Drogba was different🥶,291991
241,딸배의 드록바급 슬라이딩 세레머니 #shorts,290559
418,"한준희, 스카우터가 말하는 아이콘 재평가 떡상해야 할 선수들 l [피파의 모든 것 3화]",288400
482,2조 장전완료 '급여 230' 성능 첼시 스쿼드 제작완료 팀 진짜 야무지다ㅋㅋ 피파4,286443
289,2022년 최고의 하남자 리빌딩 피파4,271680
578,홀란드가 된듯한 느낌을 주는 최신 기술,269453
193,50초만에 신을 잠재운 박지성,269127
287,END.. 원창연 피파4,266664
17,티에리 앙리 풀스토리 스페셜 ( 런던의 왕이었던 축구선수 ),266017
41,"드록바,램파드 vs 토레스,제라드 전쟁같은 챔스8강전 ㄷㄷ",265619
498,돈값하는 아이콘 TOP 10,265273
103,드록바 8카 산 뀨알 언니 23히어로즈 포를란으로 혼내주기!,264644
146,아이콘 드록바 은카 괴물 등장;; 헤딩 능력치 134;; 골 다 들어간다ㅋㅋ 피파4,256271
135,본캐 첼시 이제는 LN시즌 드록바 금카 갑니다 27조 구단 완성각 피파4,249731
493,에부에가 '한국어 초급'이 된 이유 / 2010 FIFA 남아공월드컵 G조 3차전 북한 vs 코트디부아르 [습츠_월드컵 클래식],240030
269,존테리 금카 들고오셨다 감성 첼시 스쿼드 도전 팀 진짜ㅋㅋㅋ,237914
510,Drogba Selfie With Mbappe at Ballon Dor Ceremony,237082
475,"Chelsea 2014 UCL vs Shalke 🤔🔥 How old are they ? (Courtois, Drogba, Hazard, Willian)",236765
46,본캐 첼시 드디어 '드록바 금카' 샀습니다 감성의 끝 공개합니다,229670
76,드록바가 아닌 드로그바인 이유,226068
21,피온4 역사상 가장 충격적인 공격수 | LN 드로그바 8카 리뷰,223881
108,이름 바뀌고 근본 잃은 선수 TOP5 피파4,213162
566,베컴과 루니에게 한 수 알려준 지네딘 지단의 '그 날',209916
20,오늘부터 드록바 모먼트 양발 핵존버,205830
196,우리가 알던 그 램파드가 아님! 체감 도라방스,197744
600,패치 이후 실력이 떡상해버린 상나라의 장군 임유진..?,197499
339,7명 공개!,192077
180,5천억 새 남자친구 영입했습니다.. 1조 3천억 첼시 완성 !!!!,191053
36,전쟁까지 멈췄던 레전드 '드록신'.. 조국이 위기에 처하자 다시 한 번 나섰다,189771
11,이 전쟁을 끝내러 왔다...! 내 나라를 지키기 위해 무릎 꿇은 디디에 드로그바 [서프라이즈 14/6/29 방송],189325
335,DIDIER DROGBA FINAL MOMENT AT STAMFORD BRIDGE,187651
154,우상 드록바의 유니폼을 받고 기뻐하던 손흥민 이제는 뛰어넘을 차례!,184989
478,"10,000 Coins - DROGBA EPIC CARD Review ( Goals + Skills + Gameplay )",182420
595,관중 함성 소리까지 비슷하네 ㄷㄷㄷ 박지성 울버햄튼전 골 장면 판박이 #대전 #강윤성,181861
211,드록바 이 전쟁을 끝내러왔다 #shorts,176457
308,아이콘보다 좋은 MC드멘 금카..ㄷㄷ #shorts,175531
54,'반니vs드록신' 가슴이 웅장해지는 매치업🔥 / 2006 FIFA 독일월드컵 C조 2차전 네덜란드 vs 코트디부아르 [습츠_월드컵 클래식],171406
404,"피파4 팀컬러 클럽1순위 ""첼시"" 핵심 정리 (12월.ver)",171281
44,☠예능매치☠ 드록바와 스네이더가 레알을 상대로 클라쓰를 증명했던 경기! 갈라타사라이 vs 레알 마드리드ㅣ쵱내 × 스포티비,170270
2,"🎬시네마풋볼🎬 첼시 역사상 최고의 공격수, 디디에 드록바에 대한 이야기",167459
597,1조 장전! 드디어 쓴다.. 조지 베스트! 맨유 스쿼드 완성 갑시다! 피파4,165272
96,"[방구석토크] 드록바 = 아스날 담당 깡패, PL 각 클럽 담당 깡패는?",163541
129,드록바 안넘어진척ㅋㅋㅋㅋㅋㅋㅋㅋ,160991
243,??? : 자기야 드록바 금카 사주는 남자 어때?,157623
148,본캐 LN금카 드록바 삽니다 NEW첼시 스쿼드 공개! 피파4,156527
531,Sergen Yalçın Drogba İle Hakan Şükür'ü Kıyaslıyor #sergenyalçın #galatasaray,154263
520,남문파 배정렬과 전화로 맞다이 까는 윤태,154013
573,"""거제도 롱스톤"" 괴물의 등장..",152587
297,장지현이 직접 맞추는 피파4 첼시 낭만 스쿼드 l [응답하라 낭만피파 1화],149141
601,10000명이 감탄한 김재원의 미친 퍼포먼스ㄷㄷ (피파대회2편),149100
490,I Played with D. DROGBA and he was AMAZING 😱 🔥eFootball 23 mobile,147065
265,신규 MC시즌 드록바 떴다!! 시즌카 드록바 1대장 종결! 헤딩 슛팅 미쳤다;; 피파4,146733
278,"롤체계의 최대 문제아 두 명의 환장 문두 요네덱 (롤토체스 장인초대석, 피부미인드록바)",144878
29,번개돌이 접선 드록바야 미안해,143752
443,아이콘 재평가한다면 지금 당장 사야할 아이콘,142846
95,드록바 X사기였네;; 하루만에 1조4천억 로또당첨자의 꿈의 첼시 스쿼드 피파4,142167
204,[피부미인드록바 현실합방 1부] 드멘!! 쇼진 블루 이즈리얼 미쳤는데요? 이거 뭐야 진짜,141994
212,[피부미인드록바 현실합방 2부] 슈우우웅 누누 신세계 경험하고 정신 못차리는 드멘 ㅋㅋㅋ,140674
106,"드록바님 초대석 2부! 가카그케와 금단의 조합 3요들 3용병까지 (롤토체스 장인초대석, 팔차선)",138490
43,일본한테 진다고? 드록바 진행시켜!! #shorts #드록바 #야야투레 #worldcup #japan,138143
151,120억으로 감성 + 성능까지 섞은 첼시 단일 갑니다! 피파모바일,137786
97,[뿌드컵 팀리뷰 15화] 드록바는 진짜다.. 1조 코트디 드록바로 찢어보자 피파4,137216
442,첼시 엠버서더 시즌 선수 추천! 꼭 써봐야 할 선수들 짚어보겠습니다. /피파4,134302
53,드록바로 다시 돌아오게 되는 '이유',133206
42,"미들라이커 프랭크 램파드, 첼시 팬들이 그를 사랑할 수밖에 없었던 이유ㅣ맹피셜xSPOTV",132838
453,VAN PERSIE vs DROGBA vs TORRES,132346
363,다가올 시즌 첼시를 기대할 수 밖에 없는 이유 [#정오LIVE],129466
164,이 선수 1도 기대 안했는데 개좋네요ㅋㅋㅋ 리얼 미쳤어요ㅋㅋㅋ 원창연 피파4,128099
169,LH드록바 금카 계정 접속;; 중거리 헤더 진짜 미쳤다;; 신이 주신 카드.. 피파4,127891
98,[본캐 재결합] 오빠 내가 미안해..,126749
496,뀨알 : 티뉴야 오늘 전화 받아줄 수 있어??,126615
284,"1000억 드록바x베컴 괴물조합ㅋㅋ, X사기 첼레알 최신 스쿼드 만들었습니다. 피파4",123845
517,티뉴 : 방은 하나만 잡아라,123272
143,"[주간킹갓] 모쌀라, 9경기 연속 골!! 아프리카의 KING 가능?",120541
174,Drogba vs South Korean defenders,120219
349,피파3 BJ두치와뿌꾸 10u드로그바 10카 체감확인! 출정식!,119663
275,첼시 공격수로 셰우첸코를 쓰는 이유?,119499
85,피파4 드록바는 헤딩을 잘 따줄까?,118802
377,첼시를 한다면 이건 꼭 보세요!!! 피파4,117950
419,피파4 천상계 첼시 스쿼드 완벽 분석,117055
224,추억의 1⃣0⃣드록바로 갈기던 바페 ㅋㅋㅋ #피파4 #shorts,112855
64,넥스트필드 패치후 드로그바?,112828
63,드록바 금카 팔고 본캐 맨유로 갑니다,112506
534,첼시 FC - 독점 드록바 인터뷰,108175
251,드록바 골 세레모니ㅋㅋ,107648
447,아이콘 재평가 기념 크레스포 재영입?!,105626
101,본캐 6조 첼시 이제 끝났습니다,105021
572,켄달 제너가 찐으로 사랑한다는 이 브랜드!,103288
199,넥슨이 버린 아이콘 모먼트 TOP5 피파4,101109
316,역대 최악의 챔피언스리그 경기 | 첼시 vs 바르셀로나 하이라이트,100966
223,첼시 1티어 공격수 정리! (ST편),99979
469,한 시즌에 27골 넣었던 프랭크 램파드!! ● 골 폭풍을 몰아치는 미들라이커,99871
455,Drogba & Pele 🥶🔥👑 | #shorts #football,99722
88,"[방구석토크] 앙리-반니-드록바, 레전드 공격수들 발롱도르 최고 순위는?",96901
497,How Drogba SHOCKED The Internet,96727
94,챌린저 1900점으로 랭킹 1등을 찍고 돌아온 드멘.. 피부미인드록바 초대석 (롤토체스 장인초대석),95802
367,Didier Drogba ● 7 Goals & 2 Assists - Season 2014/15,94849
52,찾았다. 드록바 후계자. #Shorts,94045
428,이별은 언제나 갑작스레 찾아온다,91848
149,챔스에서 드라마를 쓴 첼시 풀스토리 스페셜,90935
465,그거다 무드릭! 그 감각을 기억해...!!! #Shorts,90776
457,첼시 포지션별 파워랭킹｜급여 240과 아이콘 모먼트로 더 강력해진 적폐팀 [넥스트필드ver. 피파4],89485
472,"""For me, Drogba is number one"" 🎯 #shorts",89427
206,"챌린저 1700점 랭킹 1등, 2등을 동시에 찍은 피부미인드록바님 초대석 (롤토체스 장인초대석, 팔차선)",85383
58,첼시에 피지컬 괴물이 있다고..?,85243
513,Didier Drogba's reaction to Chelsea winning FIFA Club World Cup 👏,84139
13,"전쟁을 멈춘 사나이… '드록신' 디디에 드록바, 지금 뭐하니? #SPORTSTIME",82718
374,니유미 드록바는너무심한데...,81586
197,파괴의 신이 나타났다 원창연 피파4,81528
69,가슴이 웅장해지는 첼시 스트라이커 대결,78870
78,제 진짜 남자친구를 소개합니다,77702
461,긴급!! 이 아이콘 선수들은 절대 재평가 없다!! 지금 절대 사지 마세요!! 피파4,76572
49,내 드록바가 가짜라니..,76139
504,Didier Drogba |Goals And Celebrations|,76119
75,"무리뉴 감독 ""구단주님, 닥치고 돈이나 내줘요."" (feat. 첼시 드록바)",72831
301,유일한 건장 체형 신규시즌 드록바 #shorts,72246
189,"전쟁을 끝내버린 사나이 ""드록바""의 모든것",72162
412,나만 알고 싶었던 월클에서 챌린지로 가는 골루트 공개,71755
351,"Claude Makélélé, Didier Drogba, Petr Čech Epic Cards ✨ #Shorts",71368
571,진짜 초대박 레전드!! 본계정에 300억 TP짜리 굴리트가 400FV로 나왔습니다 와;; 피파모바일,70563
216,피파4 드로그바 유저들이 도저히 못 쓰겠다고 현재 난리난 이유는? (피파 운영자님 이 선수 체감 해명좀요;;;),69619
185,"드멘 금카에 HG, RTN 신상 낭만 첼시 스쿼드 폼 미쳤다",68655
38,드록바가 비싼 이유...피파4,68275
310,드록바 스페셜 with FIFA Oline3,65225
31,피파4 아이콘 은카 망했네요 ㅋㅋㅋ,64636
401,"피파4 여캠한테 지고 3,000만 원 현질.. 김봉준 첼시의 시작!",64595
120,첼드록바 은카 샀다가 유정훈 짭소리 들음 ㅋㅋㅋㅋㅋ 봉훈 피파4,64218
353,Didier Drogba Was The ULTIMATE Big Game Player!!!🏆,63385
158,드록바 갖다 버리고 진짜 '쎈 놈' 영입 Fifaonline4 봉훈 피파4,62833
479,Drogba’s Goal that shocked 😳 the World!🔥,62584
138,"손흥민과 케인이 전생에 부부였다면? (feat. 램파드, 드록바)",62015
92,두사람을 동시에 사랑하는 '방법',61752
67,드록바의 자서전에 나온 무리뉴와의 일화들,61709
61,아이콘 모먼트 드록바,61641
190,이 조합은 못 참겠는데..?,59614
218,Top 10 역대 최고로 웃긴 골 세레모니 실패 모음 ● 최신,57583
247,"리산드라덱 장인 피부미인드록바님을 모셨습니다!! 꿀은 선착순 퍼지기 전에 얼른 보세요 (롤토체스 장인초대석, TFT set6, 팔차선)",56303
567,첼램덩크보고 감동 받아서 영입 했습니다,56053
117,아이콘 보다 커브가 좋다고?? 첼시 드로그바 키보드 리뷰. 피파4 키보드 슈챔. 방배우.,55914
60,"본캐 팀갈 “하드캐리 첼자르, 그냥 신 드록바, 그리고 혐모리...”",55138
452,파티마♥드록바 키스신!!,54646
6,롤모델 데프트 선수를 만났습니다...,54476
439,"Chelsea 2008 UCL Final vs Man UTD 🤔🔥 How old are they ? (Drogba, Lampard, Ballack, Cech)",54300
66,피파4 첼시에 드록바 왜 안씀?,53456
506,피파4 다음 더모먼트 이 선수네요 ㄷㄷ,52504
449,Impact of Drogba Power 100 in efootball 2023 Mobile#shorts #youtubeshorts #efootball,52381
162,드록바가 자꾸 내려오길래 전술 만들어버렸습니다. 타겟터 쓰시는 분들 이거 쓰시면 돼요! 피파4 한승엽 FIFA ONLINE4,52219
134,시청자 팀평가 1조 첼시 아이콘 드록바 - 램파드 은카가 침투를 안한다고요? 피파4,52037
484,재평가이후 양발가능성높은 아이콘 TOP 5 피파4,50859
45,경기 당 2골은 넣어주는 침투형 드록바 피파4,50413
51,"전쟁을 멈춘 사나이, MVP 드로그바 8진 8강 36특훈 리뷰! 피파모바일",49923
574,일본 피파 랭커는 10진 매물을 씁니다ㅋㅋ 나도 일피모 현질 드가자!! 피파모바일,49856
74,전쟁을 멈춘 축구선수,49669
376,피파 첼시 엠버서더 신규 시즌 좋은 선수는?!,49317
563,뭔가 예전 첼시 느낌 나기 시작하는 영입생들!(feat. 니콜라잭슨),48049
127,본캐 첼시 드록바 ㅡ 루카쿠 투톱 ㅋㅋㅋ 막 올려도 공식경기 1등ㅋㅋㅋ 피파4 강준호 FIFAONLINE4,47226
39,드로그바 각 잡고 써볼게요,47031
296,"첼시 레전드 지소연의 고별전 '박지성, 드록바 등 레전드들 총출동'",46799
140,드록바 스페셜,46266
505,DROGBA LAST KICK FOR CHELSEA 😍. #chelsea #football #shorts,45598
370,Didier Drogba Totals Goals,45061
424,Was Didier Drogba Overrated As A Player?,44751
521,epic DIDIER DROGBA🥶 #efootball #shorts,44398
48,아니 올리면 들어간다니깐 드록바 금카인데 왜 안올리냐고 !!!!!!!,44210
87,피파4 드록바 1타 강사님을 모셨습니다,43424
55,이 선수를 두고 왜 드록바를....본캐 8조 첼시 완성,42175
82,피파 스페셜리뷰ㅣCFA 드로그바,41983
153,일본상대로 지고있다가 드록신 드록바 투입하고 역전승하는 코트디부아르[2014브라질월드컵],41537
451,도록바 1화: 코리안 드록바가 탄생했습니다!,41173
236,[상큼함 MAX] 라임이 사람이라면 그건 바로 ′신봉선(Shin Bong sun)′♡ 아는 형님(Knowing bros) 201회,40297
260,피파4 드록바 있는 올 금카 마르세유 어때?,39870
172,아이콘 드록바 은카가 보여주는 이상하고 역한 골결 #shorts #피온4,39815
330,Didier Drogba l Legend l Career Highlights,39345
405,1대장 첼시 스트라이커 총정리,39231
569,네덜란드에서 사이비 등장했을 때 시민들의 반응은? (한국이랑 너무 다르네..),38787
228,아니 드록바 나온다며,38186
570,앙리가 골 넣고도 교체된 이유는? (feat. 과르디올라),38112
89,"[원투펀치] 드록바 VS 에투, 아프리카 역대 최고의 선수는?",37817
512,Drogba eh Drogba ah!,37022
107,콘드록바도 살리는 레전드 훈련코치 ㄷㄷㄷㄷ,36969
15,[드록바스페셜]드록신 디디에 드록바 스페셜,36454
282,EPL 역사상 최고의 스트라이커 TOP20,35603
168,본캐 첼시하면 당연히 이선수지 ㅋㅋ 아이콘 드맨 영입완료!! 피파4,35315
141,"[피파모바일] 전쟁을 멈춘 사나이, 첼시의 영원한 스트라이커 검은 예수 탑더비 드록바 리뷰!",35111
343,Didier Drogba's Sensational Half Volley vs Liverpool | Goal Of The Day #shorts,34939
177,"""900억으로 드록바 은카만들기..."" 피파4",33846
90,"첼시 레전드 드록바, 어린 팬에게 배신 당하다",33813
10,재평가 드록바의 시대가 왔다..?,33576
528,"🤝 Welcome, Renato Sanches! 🇵🇹 #asroma #dajeroma #sanches #newsignings",32697
125,말 한마디로 전쟁을 멈춘 남자 | 신이라고 불리운 사나이 디디에 드록바,32423
460,Drogba😈🥶,31346
471,Didier Drogba's Stunning Late Winner vs Everton | Goal Of The Day #shorts,31219
556,#denzbagusallvlog #drogba #teamsemvack,30710
327,드록바 도발.. '너 남자지?' #shorts,30679
116,인강해서 첼시 레전드 공격수 LN +5카 디디에 드록바 원맨팀 써봤다 피파4,29555
144,"[피파4-CFA]코트디부아르 ST, 디디에 드로그바 CFA 5카 리뷰와 골모음(fifa4 Cote d'Ivoire ST, Didier Drogba CFA 5 review)",28761
441,아이콘 3차 모먼트 유출? ㄷㄷ 피파4,28658
165,드록바 사용법 -피파4,26578
173,드록바 닮은 에타녀 #shorts,26478
254,전쟁을 멈춘 드록바,24286
464,Drogba is Ice Cold 🥶,24001
68,'환상의 콤비' EPL에서 36골을 합작한 드록바-램파드,23950
192,프딱이의 피파4 BTB 시즌 디디에 드로그바 리뷰,23910
266,피파4 실축 같은 3톱 전개 (첼시 3톱 졸라 - 드록바 - 조콜),23708
65,"피파4 첼시 드록바 금카 영입! 골 결정력, 몸싸움이 미쳤습니다..",22751
121,피파온라인3 드록바 스페셜,22667
564,마이클 조던이 슈퍼 대장. 그래도 나눠본 NBA 슈팅가드 20인 티어리스트!,21592
137,"Black Jesus Didier Drogba Drogba Special, 드로그바 스페셜",21546
1,죽기 전에 봐야 할 '디디에 드록바' 풀스토리 🇨🇮,21543
458,Drogba vs Aguero vs Rooney ⚽🥅,20894
368,안주 반이 없어졌어!! 파티마vs드록바,20869
538,국대에서는 에이스 첼시에서는 ㅂㅅ 하베르츠 #football,20853
104,"아이콘 드록바 5카 후기 [피온4,선수후기1][피온,첼시,드로그바]",20720
205,Didier Drogba All 160 Goals For Chelsea 2004-2015,20289
350,"꿀잼인 메시,호날두의 웃긴 광고,힘이 되는 광고",20144
70,맨유 vs 첼시 우리가 모두 아는 그 경기 I 박지성 인생 챔피언스리그 I 절망하는 드록바,19728
145,드록바 히든 특수능력 발동ㅋㅋ #shorts,19673
575,다시 3백! 카이세도 벤치! 첼시 vs 웨스트햄 입중계,19487
480,Thierry Henry Vs Didier Drogba,18649
523,How good was Didier Drogba?! #MOTDAfricaTop10 #BBCSounds #Podcasts,18043
590,"감스트 23/24 PL 1R 첼시 vs 리버풀 입중계, 포체티노 PL 복귀전 [23.8.13 PL 입중계]",17982
112,"[피파4-LN]코트디부아르 ST, 디디에 드로그바 LN 5카 리뷰와 골모음(fifa4 Cote d'Ivoire ST, Didier Drogba LN 5 review)",17901
494,"The Great Journey of ""Special One"" Jose Mourinho #3 - Marseille 2-4 FC Porto (agg) | UCL 2003/04",17783
445,Drogba vs Rooney 🥶,17442
84,첼시 스쿼드에 드록신을 왜 안 쓰는 걸까?,17373
5,트랙스 차주들의 만족도가 높은 5가지 이유,17260
550,Comment José Mourinho a vendu du rêve à Loïc Rémy à Chelsea #football #interview #chelsea,16547
346,피파온라인4 첼시 엠버서더 드로그바 미페 원본 ⚡️,16360
126,1대장 시즌 갱신! LN 디디에 드로그바 리뷰 피파4,16017
413,드록바: 누나 입에서 남자 냄새 나?! 😱 #shorts,15316
113,#7 대륙의 주인 [에투/드록바],15263
119,드록바가 쓰러지지 않아 - 피파4,14102
225,나 이제 드록바 얼굴만 봐도 웃겨ㅠ #드승준 #shorts,14010
245,양발로 출시될 아이콘 모먼트 TOP 5 피파4,13742
244,피파온라인4 팀 500억 팀 다팔고 첼시 엠버서더 디디에 드록바 5카 인생강화 도전 7월 16일 피파 강화데이,13183
71,드록바의 극적인 동점골이 이끈 우승!! ● 첼시 vs 바이에른 뮌헨 경기 하이라이트 - 2012/05/20,13133
568,라비아 첼시 오피셜! 엔조 - 카이세도와 조합은?,13098
526,"Didier Drogba의 라이프스타일, 순자산, 주택, 자동차 2022",13085
14,'디디에 드록바': 첼시 역사상 최고의 스트라이커,12829
178,아 몰랑 콘 드록 6카 도전 #피파온라인4 #피파4 #아이콘 #드록바,12468
314,뚝배기 0티어 캡드록바 드ㅡ멘,12450
529,Mudryk did the Drogba’s goal celebration against Leicester City,11601
4,드록바 전성기 시절 최정상급 레전드 민첩성,11594
259,드멘~ 드록신 레전더리 드록바 efootball2022모바일,11482
8,"돈 값 못하는 첼시, 카이세도 최악의 경기력 (웨스트햄 vs 첼시 주요 장면 분석)",11412
288,LH드로그바 리뷰! 찬양하라 드-멘 드록바!! 피파온라인4 FIFA Online4,11074
543,Legends On R9 - Ronaldo Nazario 🇧🇷 #football #goat #story #drogba #ronaldo #r9,11030
382,피파4 드록바와 아이들 '코트디부아르 스쿼드' #shorts #피파4,10850
27,"드록바의 수줍은 고백 “지단 형님, 제 유니폼 잘 있나요?”",10820
549,Vidic And Ferdinand Is Drogba's Nightmare | #shorts #vidic #rioferdinand #football #chelsea,10588
388,Epic Drogba Magical Moments | eFootball 2023 Mobile,10485
207,"""ICON 드로그바"" 첼시 원톱은 드멘!!! [피파4]",10476
347,드록바는 댄스머신ㅋㅋㅋ #드승준 #shorts,10391
399,사주세요 제발 드록바,10301
229,신규 시즌 HOL 클래스가 출시합니다! 드록바랑 호돈 실화냐?! 피파모바일,9987
436,"드록바 영접준비 완료 1180억 첼시 맨유 팀컬러 515 스쿼드, 즐라탄 금카가 후보라고? 피파4 마인부우TV",9853
525,FIFAMOBILE X Bombastic. 114 Drogba Vs 110 Voller. #viral #trendingshorts #fifamobile #bombastic,9690
470,Didier Drogba vs Liverpool UCL 07-08 Semi-Final,9640
136,디디에 드록바 커리어 프리킥 베스트 top 10,9394
489,Drogba's reaction 😭😂 #ronaldo #ronaldo #reaction,9298
160,피파4 드록바 골결정력 희망편,8954
416,Chelsea legend Didier Drogba in Cameroon to support his country AFCON 2021 👏,8817
553,누가 홀란한테 마취총 쐈냐 ㅋㅋㅋㅋㅋㅋㅋㅋ,8814
593,진짜 응원 분위기 미친 EPL 팀은 어디...??!,8379
354,한국의 드록바라고 불렸던 선수 근황,8339
463,🗣️DROGBA❤️‍🩹😈||#footballshorts ||,8135
232,드록바 7진 이게붙네 #피파모바일 #드록바 #잠보 #영미터 #진화,8063
466,드록바 리액션🤪 #세자 #갓성은 #오동지 #김해꼬마 #빛히언 #빌런 #먹태형님 #엄삼용 #리액션,7783
7,"퍼디난드가 박지성에게 레전드를 묻다(ft. 피구, 드록바, 카를루스)",7652
340,대한민국 평균의 눈에서 평가한다. CAP 드록바 리뷰 ㅣ피파4,7593
111,피파4 LN 시즌 드로그바 선수 리뷰,7534
587,"하하, 물공 헤딩 앙리와 함께하는 올 모먼트 스쿼드",7471
552,“친선전에서 이렇게까지?!” 농구 강호들의 꿀잼 맞대결 | 프랑스 vs 호주 | 비스토리 경기 리뷰,7069
81,"김해꼬마TV ""진짜 열심히 살겠습니다""부천 황제 드록바형님 집에서 한 수 배우고 왔습니다.",6846
12,재평가 아이콘 +5카 디디에 드록바 써봤다 피파4,6786
319,04/05 첼시 무리뉴 1기 전술! 변형 4123으로 MC드록바와 아이콘 램파드 끼고 구현해봤습니다!! 공격 시 433 수비 시 4141되네요 피파4,6762
524,Jose Mourinho Reveals HOW Drogba Was Signed 🥹 #shorts #football,6601
547,Drogba🔥🔥🔥#drogba #stop #war #football #stopwar,6517
170,아프리카 공격수 전설 대결 사무엘 에투 vs 디디에 드록바 누가 더 뛰어난 선수일까?,6464
355,피파22 드록바 페이스온 만들기 | FIFA 22 FACE ON CUSTOMIZE | Didier Drogba | Chelsea FC | Cote d'Ivoire | 커리어모드,6332
580,"[브런치타임] '꼴찌→우승' 메시가 해냈다! / 조규성, 전반 20분 교체아웃 / 역대급 카이세도, 역대급 데뷔전 / 토트넘 믿어도 됩니까?",6327
62,첼시 드록바 금카 쓰고 4조 스쿼드 본캐 리빌딩,6307
233,"[피파4-LH]코트디부아르 ST, 디디에 드로그바 LH 8카 리뷰와 골모음(fifa4 Cote d'Ivoire ST, Didier Drogba LH 8 review)",6288
182,#피파4 #shorts #드록바 #억까 #골대 #구독과좋아요 #피파온라인4 나만안들어가,6240
292,피파4 아이콘 드록바 나오는 영상!,6185
492,Drogba 😳😳 #football #shorts #drogba,6087
410,드록바 하위호환 토토충!브랜트포드의 아이반 토니#shorts,5922
400,슈퍼 불마왕👹 24단계 1분 도전!! 벌칙자 드록바x여제 #쇼츠 #shorts,5829
592,drogba 💀,5648
539,은쿤쿠 첼시에서의 데뷔골 #football,5644
332,피파4 드록바만 가능한 골 (CAP드로그바 5카),5190
328,드록신 한테 전수 받는 다비드 루이스의 미친 프리킥,5182
220,[ 첼시의 영혼의 듀오 ] 아이콘 드록바 5카 / 아이콘 램파드 5카,5064
546,친정팀에 원더 극장골 꽂는 갤러거,4941
91,"7진 드로그바 출격 준비 완료, 500억 첼시 스쿼드!",4789
500,Didier Drogba runs for president of the Ivory Coast Football Association,4611
295,드록바가 좋은건가? 싶은 순간,4535
373,드록바 중거리 시저스킥,4534
219,피파4 내가 아이콘 드록바를 쓰는 이유,4372
508,"첼시 역사상 최고의 골키퍼 ""페트르 체흐"" #football",4298
417,아이콘 토레스 드록바 6카 루카쿠10카 ㅁㅊ,4243
114,드록바의 라스트댄스 : 가장 극적인 우승(aka. 첼램덩크) ⚽,4211
323,Didier DROGBA vs Gary LINEKER - FIFA 23 ICON Comparison,4183
541,Drogba be like 😎#drogba#neur#vinicius,4053
157,피파4 드록바 골결 정력,4015
22,"전쟁을 멈춘 축구 영웅, 디디에 드록바! 덕분에 코트디부아르에 기적은 일어났다..! #[tvN]프리한닥터W EP.81 | tvN 221130 방송",3966
271,양발 드록바,3903
397,맹추위 속 '투게더 벌칙' 덜덜덜 추워죽어! 😜 #드록바 #shorts,3844
542,아스날에서 온 첼시의 어시왕 파브레가스 #football,3657
533,100 rated Drogba #efootball #shorts,3654
188,ㄷㄷ#드록바#램파드#첼시,3435
130,전성기 첼시 시절 개쩌는 드록바의 피지컬 #football,3241
320,드록바를 무시하면 안되는 이유 #shorts,3185
198,능력치는 어떻게 올려야할까? 빅타임 마케레레 에픽 드록바 체흐 살펴보기 #efootball2023 #이풋볼,3157
281,드록신 중거리슛,3107
155,느려도 드록바 쓰는 이유,3099
270,피파4 역습은 한방 #피파4 #피파온라인4 #억까 #배그 #금카 #아이콘 #드록바#shorts,2944
118,하위 시즌 드록바는 어떨까? MC 드록바 ＆ BTB 드록바 리뷰 ㅣ피파4,2910
261,Didier Drogba & Frank Lampard - UNSTOPPABLE Duo,2885
122,첼시의 상징 디디에 드록바 스페셜? #shorts,2877
242,드록바 논스톱 슛 -피파4 #shorts,2827
147,방탄소년바! BTB드로그바 금카 영입! 본캐 1조 첼시 스쿼드!,2784
357,속가 빠른 드록바????ㅣ피파4 #shorts,2768
596,"또 부상이야?? 첼시 본체 70분만에 다운... 리스 제임스 부상, 어떡하나요??",2727
379,#shorts 오버헤드킥 타겟맨 드록바 - 피파4,2698
341,총 쏘는 드록바 -피파4 #shorts,2651
294,드록바는 키퍼를 찢어 - 피파4 #shorts,2611
255,팀 다팔고 아이콘 드록바 인생강화,2610
73,[디디에 드록바]에 대한 평가,2566
79,아이콘 은카 드록바 피파4,2565
152,1조 드록바 슛,2540
440,드록바 8강 강화 도전 피파모바일,2510
195,나홀로 억까 혈압주의 #피파4 #드록바 #shorts,2482
554,쉬다가 오겠습니다.,2387
555,첼시의 조커형 수비수 다비드 루이스 #football,2370
257,피파4 드록바 센터백 2명 어깨빵 (CAP드로그바 5카),2290
338,드록바 라인브레이킹 슛,2273
605,아펠리오스의 포탑이 너무 밝아 보였던 카직스,2233
467,MOG드록바 3카 리뷰!! 드디어 쓸만한 드록바가!! 탱크가 뛰어다니네..,2205
215,아이콘 드록바 250% 떡상? 왜이렇게 올랐지? 피파온라인4,2184
544,1345억의 사나이 미하일로 무드릭 첼시에서의 활약상 #football,2178
246,피파4 레전더리리그 전쟁을 끝낸 사나이 디디에 드록바.,2156
102,음바페 드록바의 10년 전 약속,2111
433,피파온라인4 50억트레이드 #shorts,2108
499,트젠언니 간절한 청양고추 어필 #shorts #미가 #드록바,2077
559,첼시 스쿼드에서 하베르츠가 필수인 이유,2057
606,[5000억~1조] 첼시 금액별 파워랭킹&금액별 공경스쿼드 피파4,2005
213,드록바의 명언 10가지,1995
285,드록바 파워헤더 얻어맞고 상대 나감 #피파온라인4 #첼시 #fifaonline4 #football,1979
268,드록바를 쓰는 이유,1935
312,드록바 6진을 3칸으로?? #피파모바일,1933
276,드록바 쓰라니까#shorts,1924
249,드록바 미친 헤딩,1858
334,드록바의 나라 필살기 #virtuastriker4,1785
387,[드록바 사주] 도화가 강한 사주,1777
375,13 드록바7강강화 미친짓이짘ㅋ,1744
83,'전쟁을 멈춘 영웅' 디디에 드록바 명언,1699
545,첼시의 미래 미하일로 무드릭의 개지리는 네이마르 터치 #football,1685
304,피파4 전쟁을 멈춘 사나이 디디에 드록바..,1681
435,휴먼폴플랫 ] 온도니 흔드록바,1581
530,Untold Truth About Drogba - History of Didier Drogba #shorts #chelsea #drogba,1560
383,엉덩이~~~흔드록바~~~~~! - 피파4 #shorts,1545
532,legendary drogba goal against Munich #shorts,1531
167,첼시의 신 드록신 드록바#shorts,1530
176,부천야간청소년 ㅡ #부천 #오동지 #황용만 #김대촌 #세자 #갓성은 #백대종 #중검 #김해꼬마 #투깝이 #엄삼용,1489
142,제 2의 드록바 니콜라스 잭슨 첼시에서의 활약상 #football,1439
277,쿠르투아도 피해버리는 드록바의 슈팅,1430
109,피파4#피파4 #피파온라인4 #배그 #아이콘#드록바#드리블#shorts #억까,1422
139,갓성은 수육국밥 먹방 with 드록바,1417
290,나이키 신발 반전그림 (feat. 첼시 드록바 운동화) #shorts,1398
184,[피파모바일] 드록바 pk실축 #shorts,1395
235,피파4 내 심장을 들었다 놨다.. 흔드록바..,1356
214,한때 최고의 스트라이커였던 선수 디디에 드록바[E풋볼모바일],1342
227,[피파모바일] 드록바 폼 미쳤다,1342
420,보정을 받은 에이브러햄은 드록바다../에이브러햄 금카+로마 스쿼드/피파온라인4 #shorts,1321
344,캡틴 드록바 은카 3.8칸 도전 드로그바!!,1314
131,첼시 역사상 최고 스트라이커 디디에 드록바 #football,1289
514,구찌댄스 구찌리액션,1274
161,제 2의 드록바 니콜라스 잭슨 3경기 연속 공격포인트 #football,1267
56,모먼트 드록바 존버 일기 제 1화: 콘록바 은카 & 모먼트 램파드 듀오의 공식경기 양민학살 현장 목격담 [피파온라인4],1264
321,엌ㅋㅋ감사합니다 뭐하세요? 드록바 줍줍 #첼시 #피파온라인4 #fifaonline록,1244
317,드록바와 굴리트가 머리로 하는 개사기 플레이들 #shorts #피온4,1218
286,드록바 발리슛 2,1213
561,Drogba 😍,1200
396,피온 드록바 해트트릭 (중국이랑),1190
342,맞고 뒈져라슛 날리는 드록바 맞뒈슛 #피파온라인4 #첼시 #fifaonline4 #football,1168
599,"앙카가 팔을 앞으로 뻗자, 적 진형이 갈라지더라",1162
186,드록바 의 레이저 헤딩,1130
221,우당탕탕 드록바 -피파4 #shorts,1126
32,피파4 드록바 #피파온라인4 #아이콘 #드록바 #모먼트 #금카 #드리블 #개인기 #구독과좋아요,1120
239,드록바에게 혼나면 안되는 이유 피파4 #shorts,1119
252,아 ㅎ 그냥 형 줄게 드록바가 무서운 히바우두,1118
30,손흥민 곧 호날두 기록 넘는다!! 이번 맨유전으로 드록바와 어깨를 나란히하고 호날두의 기록을 뛰어넘을 수 있다!!,1095
279,드록바 빠따 지리네 #shorts,1087
171,[피파모바일] 드록바 대지를 가르는 슈팅 #shorts,1087
181,얘네들 때문에 드록바와 램퍼드가 2위 왜?,1080
250,전쟁을 멈추게 한 '검은예수' 디디에 드록바,1077
390,드록바가 받는 얼리크로스란 #피파온라인4 #첼시 #fifaonline4 #football,1069
372,한명을 보내버리는 드록바#피파모바일 #잘가,1063
315,드록바의1호골#sorts,1035
386,헤더만 꽂던 드록바 단독돌파골 #피파온라인4 #첼시 #football #fifaonline4,1023
40,피파4 드록바 프로의 공식경기 배치고사,1004
385,[풀경기 - 12시컨 드록바] 크로스 팁과 물총 가감속 활용 (Cross play & Change of pace),1000
300,피파4 전쟁을 멈춘 사나이 드록바 탈룰라 ㅋㅋ,990
248,대한민국 평균의 눈에서 평가한다. CAP 드록바 리뷰 ㅣ피파4 #shorts,960
183,"[명언/인물탐구] 신이라 불리던 사나이, 디디에 드록바 (The story of Diedier Drogba)",953
476,사요나라 고양이 긴토키 드록바 사우르스,944
604,[파벨 네드베드]에 대한 언사,917
274,드록바 바이시클,917
585,6개월 동안 우리가 기다린 미하일로 무드릭의 데뷔골 #football,904
527,피파 200억 스쿼드 ) 리그앙 유일 챔스 우승 ( 올은카 ),889
313,#모바일게임 #피파모바일 #선수뽑기#드록바 #게임추천 #fifa23,866
280,드록바 발리슛 1,866
589,한주가 끝나고 고범이는 맛이가고...#부산 #먹태형님 #서칸티비 #먹살만 #맛춤민지 #샤넬보영 #붕어 #부천 #김해꼬마 #투깝이,834
537,아프리카TV 손절!!!새롭게 시작하렵니다 #부산 #먹태형님 #서칸티비 #먹살만 #맛춤민지 #샤넬보영 #붕어 #부천 #김해꼬마 #투깝이,822
132,#피파4 #피파온라인4 #드록바 #아이콘 #슛,805
536,고범이의 시간이 돌아왔습니다 새벽의고범 뱀파이어!!!! 누구피를빨까??#부산 #먹태형님 #서칸티비 #먹살만 #맛춤민지 #샤넬보영 #붕어 #부천 #김해꼬마 #투깝이,802
263,차두리 부수기 - 피파4 #shorts #드록바 #차두리,777
86,"모먼트 드록바 존버 일기 제 2화: 그 시절 우리의 ""10""록바 형이 돌아왔다! 아이콘 드멘 은카 침투 및 치달 스피드 영상으로 인증합니다. [피파온라인4]",762
133,첼시의 첫 챔스 우승을 이끈 전쟁을 멈춘 사나이 드록바 I 드록바 스페셜 I 드록바 세레머니 I 체크인드록바,687
258,"드록바 VS 스털링 PL 스탯 비교, (스털링이 PL 역대급 선수인 이유)",663
438,피파모바일 드록바 무난한 골,652
329,드록바 DDOOK배기,640
306,드록바도 하는 zs 논스톱 슛 - 피파4 #shorts #드록바,613
264,드록바 형님의 풀 스윙 슛! Drogba #efootball #위닝,609
50,인생강화#피파4#드록바#mc#꽉채우는강화는없다,582
302,심리학자 드록바 - 피파4 #shorts,561
548,젤리 ㅈㄴ 땡기게 하는 포파나,556
194,편파판정에 빡쳐 방송카메라에 쌍욕 박은 드록바,530
273,믿고 쓰는 드록바 뚝 #첼시 #피파온라인4 #fifaonline4 #football,515
191,손케듀오 이전 𝘌𝘗𝘓 최고 듀오💙 #𝙇𝙖𝙢𝙥𝙖𝙧𝙙 #𝘿𝙧𝙤𝙜𝙗𝙖 #𝘾𝙃𝙀𝙇𝙎𝙀𝘼,499
501,04년 클럽춤 #댄스 #설영욱#와이퍼#드록바#오동지,498
380,디디에 드록바의 어록 다섯가지,472
511,모먼트 드록바 존버 일기 제 10화: 직구로 날아온 팩폭에 몹시 분노하는 상대유저 ㅋㅋ,454
307,드록바 2칸강화성공,449
105,챔스 결승 레전드 11-12시즌 / 첼시 VS 뮌헨 드록바 전성기!,443
231,(피파 온라인 4) 첼시의 레전드 개사기 스트라이커 mog 드록바 8카,431
159,첼시의 상징 디디에 드록바 스페셜?,428
234,디디에 드록바#드록바 #drogba #procreate #아이패드 #아이패드드로잉 #프로크리에이트 #그림 #그림과정 #스피드페인팅 #그리기 #그림그리기 #그림쟁이,428
230,첼시 첫 챔스우승 I 전쟁을 멈춘 사나이 드록바가 만든 첼렘덩크,426
391,첼시팬 아니면 보지마세요. 무더운 여름 드록바 받아가세요.,425
163,드록바 이적 후 첫 패배 피파4,424
432,피파4 아이콘 드록바쓰고 챔스찍기 1차전 (feat 챌딱이가 슈챌 올라온거도 대단한거 아니에요? ),415
200,보스니아-헤르체고비나vs코트디부아르 드록바의 프리킥 골,395
210,드록바의 ``THE FD``,371
358,"피파 모바일 일일 접속 보상 대박 , 드록바 #shorts",343
562,첼시의 미래 미하일로 무드릭 훈련 모음 #football,341
522,힘든하루 보고싶은분들이 많네요 부천,337
474,(피파 온라인 4) 드록바 VS 발로텔리,316
540,이때까지 감독과 뭔가 다른 포체티노의 첼시 데뷔전 #football,304
603,다시 스몰파이트를 찾아서.. imp...ㅣ알비온ㅣalbion,303
394,너무 스무스한 드록바의 결정력,298
262,짠준식 첼드록바3칸 5카 강화 #shorts,292
336,미가 드록바 (댄스?) ㅋㅋㅋㅋ,286
237,#드록국 #드록바 #코트디부아르 #일상생활 #아프리카 #신기해,280
558,2018 Aboubakar VS 2016 Drogba hangisi yorumlara yaz,278
607,[피파4] 크로스에는 역시 드멘!!,274
579,정우형님 고구마형님 이랑 #광주,263
414,#코트디부아르 #아비장 #Abidjan #cotedivoire #드록바 #드록국 #오늘행복 #africa #côtedivoire #cotedivoire🇨🇮 #corée #🇰🇷,262
588,호날두vs드록바 자존심 골 대결!! 승자는? #피파온라인4 #호날두 #드록바,254
150,지속된 전쟁을 멈춘 축구의 신 디디에 드록바,251
584,밥좀 먹여주세요...... #부천 #안산 #강남 #홍대 #야킹 #인천 #여행 #남캠 #여캠 #신입 #엑셀 #구월,244
473,엠비피 드록바 리뷰!,236
415,fifa18 드록바 경기중 신내림,213
128,드록바 발리 슛,211
582,#전주#전주한옥마을,206
366,풋볼 드록바 중거리 슛 골~~~,192
586,크루 들어가겠습니다..... #부천 #안산 #강남 #홍대 #야킹 #인천 #여행 #남캠 #여캠 #신입 #엑셀 #구월,187
240,드록바 어케넣지,187
291,드록바의엄청난중거리,179
253,첼시 팬이라면 절대 잊지 못하는 드록바의 극적인 헤더골,178
577,LA시. 떼강도 태스크포스팀 구성 강력대응 (08.18.2023) 한국TV 모닝 뉴스,168
557,제 2의 램파드 마운트의 데뷔골,167
371,FA드록바 은카 성능,163
360,아스날 킬러 드록바의 미친 골 모음 #football,150
361,드록바와 살라가 대단한 이유 #shorts,137
333,직장인의삷하루#과자브랜드먹방#갓용만#고범#드록바#,127
187,[카드만들기1]#드록바 #드로르바 #피파모바일 #신청받아요 #캡컷,125
325,엉덩이 흔드록바 #shorts,125
303,첼시 첫 챔스 우승 후 드록바의 트로피 산책 #football,122
123,드록바 레전드 치달 #shorts #피파온라인4 #피파4,121
369,귀여워요 드록바,110
202,타이밍 맞춰서 멈춰!! #21,98
565,tricota de Drogba contra el psg,91
429,k-드록바 내친구,85
409,와우박스 첼시 레전드 디디에 드로그바 드록바 싸인 블랙에디션 축구 폰케이스,81
208,드록바,78
560,"(피파 온라인 4) 케파 한테 주전 뺐겨버린 첼시 챔스 우승의 주역 ""에두아르 멘디""",77
267,드록바 3카 성공,74
602,"(피파 온라인 4) 첼시의 역사상 최고의 골키퍼 개사기 ""페트르 체흐""",68
431,"(피파 온라인 4) 첼시의 드록바 다음 코트디부아르 공격수 ""살로몬 칼루""",57
362,뱅탄드록바 5카 강화가주아,50
384,(피파 온라인 4) 드록바의 첼시 VS 그냥 박주영,50
583,RECORD EN PL CAICEDO À CHELSEA POUR 134M€. #caicedo#chelsea#premierleague #football #mercato,48
337,(피파 온라인 4) 맨시티의 엘링 홀란 VS 첼시의 디디에 드록바,46
365,"(피파 온라인 4) 첼시 역사상 최고의 스트라이커 ""디디에 드록바""",46
485,게임 속 드록바의 사기,46
403,(피파 온라인 4) 솔직히 드록바 보다 사기 스트라이커 테미 에이브라햄 리뷰,43
423,(피파 온라인 4) 첼시의 개사기 조합 전 st 드록바 & 현 st 하베르츠,42
222,메시가 드록바 보다 앞서는 이유,36
576,"(피파 온라인 4) 무리뉴 첼시 시대 레전드 악마의 왼발 ""아르연 로번""",33
392,(피파 온라인 4) 첼시의 영원한 듀오 드록바 & 램파드 조합 모음,31
406,드록바가 되고싶었던 찬이,28
581,(피파 온라인 4) 미친 골결정력 첼시의 개사기 스트라이커 테미 에이브라햄,27
487,엄마가 똥싸면 우는 고양이 긴토키 드록바 사우르스,24
448,(피파 온라인 4) 사실 오래전부터 드록바 같은 스트라이커를 기다려왔다우,23
503,부르면 오는 고양이 긴토키 드록바 사우르스,21
481,(피파 온라인 4) 첼시의 심장 드록바 VS 맨유의 PL 마지막 발롱도르 호날두,20
209,구찌챌린지#드록바#아프리카티비,18
201,(피파 온라인 4) 첼시 역사상 최고의 스트라이커 디디에 드록바,17
535,Didier Drogba family Affair🔥#drogba #football#family #legend #viral #shorts,17
454,협곡에서 드록바 뺨치는 오리아나 드리블 #shorts,16
425,[피파] 느그와꾸드록바,13
203,드록바 닮은 여사친,12
427,bj드록바님의 라이브 방송!,11
348,드록바 뚝배기,10
450,거북이드록바 #터틀배틀,7
305,드록바 침투후 마무리,6
407,끝나지않은 드록바2차전,5
311,드록바 완벽한 파워슛페이크 이후 마무리,2
34,[피파4] 드로그바 피지컬!!!,0
33,드록바 전설의 일부러 넘어진척 세레머니! Drogba celebration fail! #shorts,0
437,피온4 아이콘 드록바 레전드 강화,0
